"V1","V4","V5"
"SRX003795","H3K27me3","Blood"
"SRX003843","H3K27me3","Pluripotent stem cell"
"SRX003845","H3K4me3","Pluripotent stem cell"
"SRX005146","H3K27me3","Blood"
"SRX005149","H3K4me3","Blood"
"SRX005383","H3K27me3","Blood"
"SRX005384","H3K4me3","Blood"
"SRX005385","H3K27me3","Blood"
"SRX005386","H3K4me3","Blood"
"SRX012394","H3K4me3","Blood"
"SRX012397","H3K27me3","Blood"
"SRX012425","DNase-Seq","Lung"
"SRX012426","DNase-Seq","Lung"
"SRX016028","RB1","Lung"
"SRX016029","RB1","Lung"
"SRX016030","RB1","Lung"
"SRX016031","RBL2","Lung"
"SRX016032","RB1","Lung"
"SRX016033","RB1","Lung"
"SRX016034","RBL2","Lung"
"SRX016035","RB1","Lung"
"SRX016036","RBL2","Lung"
"SRX016037","RB1","Lung"
"SRX016038","RBL2","Lung"
"SRX016556","BDP1","Lung"
"SRX016557","BRF1","Lung"
"SRX016559","SNAPC2","Lung"
"SRX017557","BRD7","Epidermis"
"SRX017558","BRD7","Epidermis"
"SRX017559","TP53","Epidermis"
"SRX017560","TP53","Epidermis"
"SRX017905","RELA","Blood"
"SRX017906","RELA","Blood"
"SRX018651","pFM2","Muscle"
"SRX018655","pFM2","Muscle"
"SRX018822","DNase-Seq","Lung"
"SRX018823","DNase-Seq","Lung"
"SRX018991","TP63","Epidermis"
"SRX018992","TP63","Epidermis"
"SRX019331","H3K4me3","Neural"
"SRX019332","H3K4me3","Neural"
"SRX019616","H3K4me3","Pluripotent stem cell"
"SRX019963","E2F4","Blood"
"SRX021983","ATRX","Blood"
"SRX022575","ERG","Prostate"
"SRX022576","ERG","Prostate"
"SRX023216","ETV1","Digestive tract"
"SRX026054","H3K4me3","Blood"
"SRX026055","H3K4me3","Pluripotent stem cell"
"SRX026069","H3K27me3","Blood"
"SRX026070","H3K27me3","Pluripotent stem cell"
"SRX026916","DNase-Seq","Others"
"SRX026917","DNase-Seq","Adipocyte"
"SRX026924","DNase-Seq","Adipocyte"
"SRX027298","H3K4me3","Blood"
"SRX027401","E2F4","Adipocyte"
"SRX027402","CEBPA","Adipocyte"
"SRX027403","HSF1","Adipocyte"
"SRX028587","ZNF274","Blood"
"SRX028588","ZNF274","Blood"
"SRX028640","NR2C2","Blood"
"SRX028641","NR2C2","Blood"
"SRX031246","CTCF","Cardiovascular"
"SRX031248","CTCF","Epidermis"
"SRX037081","H3K4me3","Pluripotent stem cell"
"SRX037109","DNase-Seq","Others"
"SRX037110","DNase-Seq","Breast"
"SRX037111","DNase-Seq","Muscle"
"SRX037113","DNase-Seq","Epidermis"
"SRX037114","DNase-Seq","Neural"
"SRX037117","DNase-Seq","Blood"
"SRX037118","DNase-Seq","Blood"
"SRX037119","DNase-Seq","Cardiovascular"
"SRX037430","H3K4me1","Blood"
"SRX037431","H3K4me3","Blood"
"SRX037432","H3K4me1","Blood"
"SRX037433","H3K4me3","Blood"
"SRX038504","CTCF","Blood"
"SRX038505","CTCF","Blood"
"SRX038506","H3K27ac","Blood"
"SRX038507","H3K27ac","Blood"
"SRX038508","H3K27me3","Blood"
"SRX038509","H3K27me3","Blood"
"SRX038516","H3K4me3","Blood"
"SRX038517","H3K4me3","Blood"
"SRX038562","CTCF","Breast"
"SRX038563","CTCF","Breast"
"SRX038564","H3K27ac","Breast"
"SRX038565","H3K27ac","Breast"
"SRX038566","H3K27me3","Breast"
"SRX038567","H3K27me3","Breast"
"SRX038568","H3K36me3","Breast"
"SRX038569","H3K36me3","Breast"
"SRX038570","H3K4me1","Breast"
"SRX038571","H3K4me1","Breast"
"SRX038572","H3K4me2","Breast"
"SRX038573","H3K4me2","Breast"
"SRX038574","H3K4me3","Breast"
"SRX038575","H3K4me3","Breast"
"SRX038576","H3K9ac","Breast"
"SRX038577","H3K9ac","Breast"
"SRX038578","H4K20me1","Breast"
"SRX038579","H4K20me1","Breast"
"SRX038582","CTCF","Muscle"
"SRX038583","CTCF","Muscle"
"SRX038584","H3K27ac","Muscle"
"SRX038585","H3K27ac","Muscle"
"SRX038586","H3K27me3","Muscle"
"SRX038587","H3K27me3","Muscle"
"SRX038594","H3K4me3","Muscle"
"SRX038595","H3K4me3","Muscle"
"SRX038602","CTCF","Cardiovascular"
"SRX038604","H3K27ac","Cardiovascular"
"SRX038605","H3K27ac","Cardiovascular"
"SRX038606","H3K27me3","Cardiovascular"
"SRX038607","H3K27me3","Cardiovascular"
"SRX038614","H3K4me3","Cardiovascular"
"SRX038615","H3K4me3","Cardiovascular"
"SRX038644","CTCF","Epidermis"
"SRX038646","H3K27ac","Epidermis"
"SRX038647","H3K27ac","Epidermis"
"SRX038648","H3K27me3","Epidermis"
"SRX038649","H3K27me3","Epidermis"
"SRX038656","H3K4me3","Epidermis"
"SRX038657","H3K4me3","Epidermis"
"SRX038664","CTCF","Lung"
"SRX038665","CTCF","Lung"
"SRX038666","H3K27ac","Lung"
"SRX038667","H3K27ac","Lung"
"SRX038668","H3K27me3","Lung"
"SRX038669","H3K27me3","Lung"
"SRX038676","H3K4me3","Lung"
"SRX038677","H3K4me3","Lung"
"SRX038777","DOT1L","Pluripotent stem cell"
"SRX038917","H3K27me3","Blood"
"SRX040375","DNase-Seq","Others"
"SRX040391","DNase-Seq","Digestive tract"
"SRX040394","DNase-Seq","Digestive tract"
"SRX040401","DNase-Seq","Digestive tract"
"SRX040411","DNase-Seq","Digestive tract"
"SRX040416","DNase-Seq","Blood"
"SRX040574","H1B","Lung"
"SRX041286","STAT1","Blood"
"SRX041287","STAT1","Blood"
"SRX041288","STAT4","Blood"
"SRX041289","STAT4","Blood"
"SRX041290","STAT5A","Blood"
"SRX041291","STAT5A","Blood"
"SRX041292","STAT5B","Blood"
"SRX041293","STAT5B","Blood"
"SRX055156","DNase-Seq","Blood"
"SRX055157","DNase-Seq","Blood"
"SRX055158","DNase-Seq","Kidney"
"SRX055162","DNase-Seq","Digestive tract"
"SRX055164","DNase-Seq","Blood"
"SRX055165","DNase-Seq","Kidney"
"SRX055166","DNase-Seq","Kidney"
"SRX055167","DNase-Seq","Blood"
"SRX055173","DNase-Seq","Others"
"SRX055174","DNase-Seq","Kidney"
"SRX055185","DNase-Seq","Digestive tract"
"SRX062367","DNase-Seq","Lung"
"SRX065541","Epitope tags","Kidney"
"SRX065542","Epitope tags","Kidney"
"SRX065546","TRIM28","Kidney"
"SRX065547","TRIM28","Kidney"
"SRX065548","ELK4","Kidney"
"SRX065549","ELK4","Kidney"
"SRX067398","H4K20me1","Breast"
"SRX067401","H3K4me3","Epidermis"
"SRX067405","H3K4me2","Breast"
"SRX067411","H3K27ac","Breast"
"SRX067413","H3K27ac","Epidermis"
"SRX067456","H3K4me1","Breast"
"SRX067458","H3K36me3","Breast"
"SRX067460","H3K9ac","Epidermis"
"SRX067463","H3K4me3","Breast"
"SRX067464","H3K9ac","Breast"
"SRX067473","H3K27me3","Breast"
"SRX067475","CTCF","Breast"
"SRX067480","H3K27me3","Neural"
"SRX067484","H3K36me3","Epidermis"
"SRX067490","H3K27ac","Bone"
"SRX067495","CTCF","Epidermis"
"SRX067496","H3K27me3","Epidermis"
"SRX067498","H3K4me3","Neural"
"SRX067504","H3K4me2","Epidermis"
"SRX067514","H3K27ac","Neural"
"SRX067516","CTCF","Neural"
"SRX067535","CTCF","Bone"
"SRX069084","DNase-Seq","Placenta"
"SRX069087","DNase-Seq","Cardiovascular"
"SRX069088","DNase-Seq","Others"
"SRX069089","DNase-Seq","Blood"
"SRX069090","DNase-Seq","Muscle"
"SRX069091","DNase-Seq","Epidermis"
"SRX069092","DNase-Seq","Kidney"
"SRX069095","DNase-Seq","Blood"
"SRX069096","DNase-Seq","Lung"
"SRX069097","DNase-Seq","Cardiovascular"
"SRX069098","DNase-Seq","Cardiovascular"
"SRX069100","DNase-Seq","Cardiovascular"
"SRX069102","DNase-Seq","Cardiovascular"
"SRX069105","DNase-Seq","Blood"
"SRX069107","DNase-Seq","Lung"
"SRX069108","DNase-Seq","Others"
"SRX069109","DNase-Seq","Cardiovascular"
"SRX069111","DNase-Seq","Epidermis"
"SRX069113","DNase-Seq","Epidermis"
"SRX069117","DNase-Seq","Epidermis"
"SRX069118","DNase-Seq","Blood"
"SRX069119","DNase-Seq","Lung"
"SRX069120","DNase-Seq","Kidney"
"SRX069121","DNase-Seq","Others"
"SRX069123","DNase-Seq","Muscle"
"SRX069124","DNase-Seq","Others"
"SRX069125","DNase-Seq","Digestive tract"
"SRX069126","DNase-Seq","Cardiovascular"
"SRX069127","DNase-Seq","Placenta"
"SRX069128","DNase-Seq","Neural"
"SRX069129","DNase-Seq","Lung"
"SRX069130","DNase-Seq","Neural"
"SRX069131","DNase-Seq","Neural"
"SRX069132","DNase-Seq","Kidney"
"SRX069133","DNase-Seq","Cardiovascular"
"SRX069134","DNase-Seq","Breast"
"SRX069136","DNase-Seq","Kidney"
"SRX069137","DNase-Seq","Neural"
"SRX069138","DNase-Seq","Epidermis"
"SRX069139","DNase-Seq","Epidermis"
"SRX069140","DNase-Seq","Others"
"SRX069141","DNase-Seq","Kidney"
"SRX069142","DNase-Seq","Kidney"
"SRX069143","DNase-Seq","Others"
"SRX069144","DNase-Seq","Epidermis"
"SRX069145","DNase-Seq","Breast"
"SRX069146","DNase-Seq","Muscle"
"SRX069147","DNase-Seq","Cardiovascular"
"SRX069148","DNase-Seq","Cardiovascular"
"SRX069149","DNase-Seq","Epidermis"
"SRX069150","DNase-Seq","Kidney"
"SRX069151","DNase-Seq","Blood"
"SRX069154","DNase-Seq","Blood"
"SRX069155","DNase-Seq","Epidermis"
"SRX069156","DNase-Seq","Lung"
"SRX069160","DNase-Seq","Epidermis"
"SRX069161","DNase-Seq","Cardiovascular"
"SRX069162","DNase-Seq","Neural"
"SRX069165","DNase-Seq","Epidermis"
"SRX069167","DNase-Seq","Lung"
"SRX069168","DNase-Seq","Cardiovascular"
"SRX069169","DNase-Seq","Others"
"SRX069172","DNase-Seq","Others"
"SRX069176","DNase-Seq","Cardiovascular"
"SRX069177","DNase-Seq","Neural"
"SRX069178","DNase-Seq","Digestive tract"
"SRX069179","DNase-Seq","Neural"
"SRX069182","DNase-Seq","Others"
"SRX069183","DNase-Seq","Epidermis"
"SRX069185","DNase-Seq","Blood"
"SRX069187","DNase-Seq","Neural"
"SRX069189","DNase-Seq","Epidermis"
"SRX069191","DNase-Seq","Epidermis"
"SRX069194","DNase-Seq","Cardiovascular"
"SRX069199","DNase-Seq","Others"
"SRX069201","DNase-Seq","Lung"
"SRX069205","DNase-Seq","Lung"
"SRX069206","DNase-Seq","Lung"
"SRX069207","DNase-Seq","Cardiovascular"
"SRX069208","DNase-Seq","Others"
"SRX069209","DNase-Seq","Epidermis"
"SRX069210","DNase-Seq","Lung"
"SRX069211","DNase-Seq","Kidney"
"SRX069212","DNase-Seq","Others"
"SRX069213","DNase-Seq","Blood"
"SRX069214","DNase-Seq","Others"
"SRX069216","DNase-Seq","Neural"
"SRX069218","DNase-Seq","Neural"
"SRX069223","DNase-Seq","Neural"
"SRX069225","DNase-Seq","Others"
"SRX069226","DNase-Seq","Epidermis"
"SRX069227","DNase-Seq","Breast"
"SRX069229","DNase-Seq","Others"
"SRX070876","GATA2","Cardiovascular"
"SRX070877","GATA2","Cardiovascular"
"SRX070878","FOS","Cardiovascular"
"SRX070879","FOS","Cardiovascular"
"SRX079858","NFKBIA","Epidermis"
"SRX080130","MYC","Blood"
"SRX080131","MYC","Blood"
"SRX080151","MYC","Cardiovascular"
"SRX080161","MYC","Epidermis"
"SRX080328","CTCF","Breast"
"SRX080329","CTCF","Cardiovascular"
"SRX080331","CTCF","Kidney"
"SRX080333","CTCF","Blood"
"SRX080336","CTCF","Neural"
"SRX080338","CTCF","Breast"
"SRX080339","CTCF","Blood"
"SRX080340","CTCF","Epidermis"
"SRX080341","CTCF","Epidermis"
"SRX080342","CTCF","Others"
"SRX080343","CTCF","Epidermis"
"SRX080344","CTCF","Cardiovascular"
"SRX080347","CTCF","Lung"
"SRX080349","CTCF","Blood"
"SRX080355","CTCF","Blood"
"SRX080357","CTCF","Blood"
"SRX080358","CTCF","Epidermis"
"SRX080359","CTCF","Neural"
"SRX080362","CTCF","Lung"
"SRX080368","CTCF","Blood"
"SRX080371","CTCF","Blood"
"SRX080373","CTCF","Cardiovascular"
"SRX080374","CTCF","Blood"
"SRX080375","CTCF","Digestive tract"
"SRX080377","CTCF","Epidermis"
"SRX080380","CTCF","Lung"
"SRX080386","CTCF","Others"
"SRX080388","CTCF","Blood"
"SRX080389","CTCF","Digestive tract"
"SRX080390","CTCF","Kidney"
"SRX080391","CTCF","Others"
"SRX080393","CTCF","Blood"
"SRX080395","CTCF","Cardiovascular"
"SRX080398","CTCF","Neural"
"SRX080399","CTCF","Cardiovascular"
"SRX080400","CTCF","Kidney"
"SRX080403","CTCF","Blood"
"SRX080404","CTCF","Blood"
"SRX080406","CTCF","Cardiovascular"
"SRX080408","CTCF","Neural"
"SRX080413","CTCF","Epidermis"
"SRX080414","CTCF","Cardiovascular"
"SRX080415","CTCF","Epidermis"
"SRX080416","CTCF","Breast"
"SRX080420","CTCF","Blood"
"SRX080422","CTCF","Epidermis"
"SRX080425","CTCF","Blood"
"SRX080427","CTCF","Blood"
"SRX080431","CTCF","Others"
"SRX080432","CTCF","Lung"
"SRX080442","CTCF","Lung"
"SRX082162","JUND","Blood"
"SRX082163","FOS","Blood"
"SRX082164","MAX","Blood"
"SRX084351","DNase-Seq","Epidermis"
"SRX084524","Epitope tags","Prostate"
"SRX084525","ETS1","Prostate"
"SRX084526","GABPA","Prostate"
"SRX084527","Epitope tags","Prostate"
"SRX084528","Epitope tags","Prostate"
"SRX089254","DNase-Seq","Placenta"
"SRX089258","DNase-Seq","Placenta"
"SRX089282","DNase-Seq","Epidermis"
"SRX089283","DNase-Seq","Epidermis"
"SRX091575","DNase-Seq","Blood"
"SRX091576","DNase-Seq","Blood"
"SRX091996","H3K27me3","Blood"
"SRX091997","H3K4me3","Blood"
"SRX092313","TBX21","Blood"
"SRX092314","GATA3","Blood"
"SRX092315","GATA3","Blood"
"SRX093182","H3K27ac","Blood"
"SRX093183","SPI1","Blood"
"SRX093184","CEBPB","Blood"
"SRX093188","H3K27ac","Blood"
"SRX093319","TP53","Lung"
"SRX093541","SUPT20H","Blood"
"SRX094470","TCF7L2","Kidney"
"SRX095368","H3K27me3","Blood"
"SRX096360","Epitope tags","Cardiovascular"
"SRX096362","Epitope tags","Cardiovascular"
"SRX099230","GATA1","Blood"
"SRX099231","GATA1","Blood"
"SRX099400","H3K18ac","Lung"
"SRX099401","H3K18ac","Lung"
"SRX099402","H3K9ac","Lung"
"SRX099403","H3K9ac","Lung"
"SRX099404","RB1","Lung"
"SRX099405","RBL1","Lung"
"SRX099406","RBL2","Lung"
"SRX099628","EP300","Cardiovascular"
"SRX099629","EP300","Cardiovascular"
"SRX099890","Pan lysine acetylation","Lung"
"SRX099891","Pan lysine crotonylation","Lung"
"SRX100256","MEF2C","Cardiovascular"
"SRX100257","MEF2C","Cardiovascular"
"SRX1002799","H3K27ac","Bone"
"SRX1002800","H3K27ac","Bone"
"SRX1002801","H3K27me3","Bone"
"SRX1002802","H3K27me3","Bone"
"SRX100383","SIX5","Blood"
"SRX100386","RXRA","Blood"
"SRX100387","BCL3","Blood"
"SRX100392","USF1","Blood"
"SRX100394","REST","Blood"
"SRX100395","SRF","Blood"
"SRX100401","GABPA","Blood"
"SRX100407","PAX5","Blood"
"SRX100408","SP1","Blood"
"SRX100414","REST","Neural"
"SRX100431","EBF1","Blood"
"SRX100432","EP300","Blood"
"SRX100433","BCL11A","Blood"
"SRX100434","TCF12","Blood"
"SRX100435","IRF4","Blood"
"SRX100436","PAX5","Blood"
"SRX100437","ZBTB33","Blood"
"SRX100451","YY1","Blood"
"SRX1004562","YAP1","Lung"
"SRX1004563","TEAD1","Lung"
"SRX1004564","H3K27ac","Lung"
"SRX100456","ZEB1","Blood"
"SRX100461","RAD21","Blood"
"SRX100465","MEF2C","Blood"
"SRX100479","EGR1","Blood"
"SRX100522","SRF","Blood"
"SRX100525","FOXP2","Neural"
"SRX100541","ELF1","Blood"
"SRX100553","ATF3","Blood"
"SRX100554","BCLAF1","Blood"
"SRX100555","ETS1","Blood"
"SRX100556","MEF2A","Blood"
"SRX100576","SPI1","Blood"
"SRX100577","PBX3","Blood"
"SRX100579","POU2F2","Blood"
"SRX100582","TAF1","Blood"
"SRX100583","BATF","Blood"
"SRX100887","DNase-Seq","Others"
"SRX100894","DNase-Seq","Neural"
"SRX100896","DNase-Seq","Pancreas"
"SRX100900","DNase-Seq","Others"
"SRX100903","DNase-Seq","Blood"
"SRX100905","DNase-Seq","Blood"
"SRX100906","DNase-Seq","Bone"
"SRX100908","DNase-Seq","Blood"
"SRX100909","DNase-Seq","Blood"
"SRX100910","DNase-Seq","Blood"
"SRX100911","DNase-Seq","Blood"
"SRX100913","DNase-Seq","Liver"
"SRX100919","DNase-Seq","Liver"
"SRX100990","DNase-Seq","Epidermis"
"SRX100991","DNase-Seq","Epidermis"
"SRX1012137","H3K4me1","Epidermis"
"SRX1012138","H3K4me3","Epidermis"
"SRX1012139","H3K36me3","Epidermis"
"SRX1012140","H3K4me1","Epidermis"
"SRX1012141","H3K4me3","Epidermis"
"SRX1012142","H3K36me3","Epidermis"
"SRX1012143","H3K4me1","Epidermis"
"SRX1012144","H3K4me3","Epidermis"
"SRX1012145","H3K36me3","Epidermis"
"SRX1012146","SMAD3","Epidermis"
"SRX1012536","FOXO1","Blood"
"SRX1012537","FOXO1","Blood"
"SRX1012538","BCL6","Blood"
"SRX1012539","BCL6","Blood"
"SRX1013888","H3K4me3","Liver"
"SRX1013889","H3K27ac","Liver"
"SRX1013892","H3K27me3","Liver"
"SRX1013895","H3K4me3","Liver"
"SRX1013896","H3K27ac","Liver"
"SRX1013899","H3K27me3","Liver"
"SRX1022747","WRN","Kidney"
"SRX1023528","H3K27me3","Liver"
"SRX1023934","H3K27ac","Blood"
"SRX1023936","H3K27ac","Blood"
"SRX102977","CTCF","Blood"
"SRX102978","CTCF","Blood"
"SRX102979","CTCF","Blood"
"SRX102997","MYC","Cardiovascular"
"SRX1038944","YAP1","Lung"
"SRX1038945","YAP1","Lung"
"SRX1042046","BPTF","Blood"
"SRX1042048","SETD1A","Blood"
"SRX1042049","USF1","Blood"
"SRX1042050","USF2","Blood"
"SRX1053362","H3K27ac","Pluripotent stem cell"
"SRX1053363","H3K27ac","Pluripotent stem cell"
"SRX1053940","H3K27me3","Pluripotent stem cell"
"SRX105597","H3K4me3","Epidermis"
"SRX105598","H3K4me3","Epidermis"
"SRX106084","H3K27me3","Blood"
"SRX107284","DUX4","Muscle"
"SRX107285","DUX4","Muscle"
"SRX1089813","H3K4me3","Blood"
"SRX1089814","H3K4me3","Blood"
"SRX1089816","H3K27ac","Blood"
"SRX1089817","H3K27ac","Blood"
"SRX1089818","H3K27ac","Blood"
"SRX1089819","H3K27ac","Blood"
"SRX1089821","H3K27me3","Blood"
"SRX1089826","TAL1","Blood"
"SRX1089829","NFE2","Blood"
"SRX1089836","GATA2","Blood"
"SRX1091830","CTCFL","Epidermis"
"SRX109440","H3K4me3","Epidermis"
"SRX109441","H3K27me3","Epidermis"
"SRX109443","H3K4me3","Epidermis"
"SRX109444","H3K27me3","Epidermis"
"SRX109446","H3K4me3","Epidermis"
"SRX109447","H3K27me3","Epidermis"
"SRX109449","H3K4me3","Epidermis"
"SRX1094508","BRD4","Kidney"
"SRX1094509","H3K27ac","Kidney"
"SRX109450","H3K27me3","Epidermis"
"SRX1094510","BRD4","Kidney"
"SRX1094513","H3K27ac","Kidney"
"SRX1096823","H3K4me3","Neural"
"SRX1096824","H3K4me3","Neural"
"SRX1096826","H3K4me3","Neural"
"SRX1096827","H3K4me3","Neural"
"SRX1096828","H3K4me3","Neural"
"SRX110230","AFF4","Kidney"
"SRX110656","H3K4me3","Blood"
"SRX110657","H3K4me3","Blood"
"SRX110660","H3K27me3","Blood"
"SRX110661","H3K27me3","Blood"
"SRX110937","H3K4me3","Blood"
"SRX1116230","PROX1","Cardiovascular"
"SRX1116231","EP300","Cardiovascular"
"SRX1116232","EP300","Cardiovascular"
"SRX1116233","PROX1","Cardiovascular"
"SRX111773","CTCF","Blood"
"SRX111774","CTCF","Blood"
"SRX111775","CTCF","Blood"
"SRX111776","CTCF","Blood"
"SRX111777","CTCF","Blood"
"SRX111778","CTCF","Blood"
"SRX112015","RELA","Cardiovascular"
"SRX112016","RELA","Cardiovascular"
"SRX1123843","SMARCC1","Kidney"
"SRX1123844","SMARCA4","Kidney"
"SRX1123845","H3K27ac","Kidney"
"SRX1123847","H3K4me3","Kidney"
"SRX1123848","SMARCC1","Kidney"
"SRX1123849","SMARCA4","Kidney"
"SRX1123850","H3K27ac","Kidney"
"SRX1123852","H3K4me3","Kidney"
"SRX1131597","CBFA2T2","Pluripotent stem cell"
"SRX1131599","PRDM14","Pluripotent stem cell"
"SRX1131600","RNF2","Pluripotent stem cell"
"SRX1131601","SUZ12","Pluripotent stem cell"
"SRX113579","RNF2","Kidney"
"SRX113580","RYBP","Kidney"
"SRX113581","PCGF1","Kidney"
"SRX113583","BMI1","Kidney"
"SRX113584","PCGF5","Kidney"
"SRX113585","PCGF6","Kidney"
"SRX113586","CBX2","Kidney"
"SRX113587","H3K27me3","Kidney"
"SRX113589","RNF2","Kidney"
"SRX113590","RYBP","Kidney"
"SRX113591","BMI1","Kidney"
"SRX113592","CBX2","Kidney"
"SRX1142193","H3K27ac","Blood"
"SRX1142194","H3K27ac","Blood"
"SRX1142195","H3K27ac","Blood"
"SRX1142196","H3K27ac","Blood"
"SRX1142250","H3K4me3","Blood"
"SRX1143681","TP63","Breast"
"SRX1143683","TP63","Breast"
"SRX1146095","H3K4me3","Kidney"
"SRX1167098","5-hmC","Kidney"
"SRX1167099","5-mC","Kidney"
"SRX1167101","5-hmC","Kidney"
"SRX1167102","5-mC","Kidney"
"SRX1178183","OVOL2","Others"
"SRX117983","H3K4me3","Blood"
"SRX118010","GPS2","Kidney"
"SRX118011","TBL1Y","Kidney"
"SRX118012","NCOR1","Kidney"
"SRX118013","NCOR1","Kidney"
"SRX1184121","H3K4me3","Epidermis"
"SRX1184122","H3K9ac","Epidermis"
"SRX1184123","H3K27ac","Epidermis"
"SRX1184124","H3K27me3","Epidermis"
"SRX119737","H3K4me1","Lung"
"SRX1204268","H3K4me3","Pluripotent stem cell"
"SRX1206075","XRN2","Kidney"
"SRX121243","DNase-Seq","Gonad"
"SRX1224465","H3K4me3","Blood"
"SRX1224466","H3K4me3","Blood"
"SRX123442","SMARCB1","Pluripotent stem cell"
"SRX123443","POU5F1","Pluripotent stem cell"
"SRX123444","SMARCB1","Pluripotent stem cell"
"SRX123445","POU5F1","Pluripotent stem cell"
"SRX1272796","H3K27ac","Digestive tract"
"SRX1280448","NRF1","Breast"
"SRX1280449","NRF1","Breast"
"SRX1283466","SMN1","Kidney"
"SRX1283467","GFP","Kidney"
"SRX129091","H3K27ac","Blood"
"SRX129092","H3K4me3","Blood"
"SRX129093","MAX","Blood"
"SRX129116","MYC","Blood"
"SRX129117","MED1","Blood"
"SRX1293070","FUS","Kidney"
"SRX1293071","EWSR1","Kidney"
"SRX1293072","TAF15","Kidney"
"SRX130060","POU5F1","Epidermis"
"SRX130061","SOX2","Epidermis"
"SRX130062","KLF4","Epidermis"
"SRX130063","MYC","Epidermis"
"SRX130252","H3","Lung"
"SRX130253","H3K4me3","Lung"
"SRX130254","H3K27me3","Lung"
"SRX130255","LMNB1","Lung"
"SRX130256","H3","Lung"
"SRX130257","H3K4me3","Lung"
"SRX130258","H3K27me3","Lung"
"SRX130266","TET2","Kidney"
"SRX130267","TET3","Kidney"
"SRX130268","OGT","Kidney"
"SRX130609","BCOR","Blood"
"SRX130610","NCOR2","Blood"
"SRX1318615","SIX2","Kidney"
"SRX1318617","SIX2","Kidney"
"SRX1318619","SIX1","Kidney"
"SRX1318620","SIX1","Kidney"
"SRX1318625","H3K27ac","Kidney"
"SRX1318626","H3K27ac","Kidney"
"SRX1322299","EBNA1","Blood"
"SRX1360979","H3K27ac","Lung"
"SRX1360980","H3K27ac","Lung"
"SRX1360981","H3K27ac","Lung"
"SRX1360982","BRD4","Lung"
"SRX1360983","BRD4","Lung"
"SRX1360984","BRD4","Lung"
"SRX1403823","H3K4me3","Lung"
"SRX1403824","H3K36me3","Lung"
"SRX1403825","H3K4me3","Lung"
"SRX1403826","H3K36me3","Lung"
"SRX1403827","H3K4me3","Lung"
"SRX1403828","H3K36me3","Lung"
"SRX1403829","H3K4me3","Lung"
"SRX1403830","H3K36me3","Lung"
"SRX1420086","DNase-Seq","Gonad"
"SRX1420087","DNase-Seq","Gonad"
"SRX1425808","CTCF","Blood"
"SRX1425809","CTCF","Blood"
"SRX1427029","TET2","Kidney"
"SRX1427030","MBD3L2","Kidney"
"SRX1429050","PARP1","Kidney"
"SRX143111","H3K4me3","Cardiovascular"
"SRX143113","H3K4me3","Cardiovascular"
"SRX144522","NFE2L2","Blood"
"SRX144526","NFE2L2","Blood"
"SRX1451224","H3K27ac","Epidermis"
"SRX1451225","H3K27ac","Epidermis"
"SRX1451226","H3K27ac","Epidermis"
"SRX1451227","H3K27ac","Epidermis"
"SRX1451228","H3K27ac","Epidermis"
"SRX1456193","EBF1","Blood"
"SRX1456195","RBPJ","Blood"
"SRX1456201","H3K27me3","Blood"
"SRX145843","ERG","Prostate"
"SRX1458748","H3K4me3","Kidney"
"SRX1458750","H3K4me3","Kidney"
"SRX1458752","H3K27me3","Kidney"
"SRX1458754","H3K27me3","Kidney"
"SRX1458756","H3K27ac","Kidney"
"SRX1458758","H3K27ac","Kidney"
"SRX1460847","RELA","Blood"
"SRX1460848","RELA","Blood"
"SRX1460849","AFF4","Blood"
"SRX1460850","AFF4","Blood"
"SRX1460851","BRD4","Blood"
"SRX1460852","BRD4","Blood"
"SRX1460853","MED1","Blood"
"SRX1460854","MED1","Blood"
"SRX147007","EP300","Lung"
"SRX1470542","Epitope tags","Muscle"
"SRX1470544","Epitope tags","Muscle"
"SRX1471688","NFE2L2","Lung"
"SRX1471689","NFE2L2","Lung"
"SRX1471690","NFE2L2","Lung"
"SRX1471691","NFE2L2","Lung"
"SRX1471738","BRD4","Epidermis"
"SRX1471739","BRD4","Epidermis"
"SRX1471741","H3K27ac","Epidermis"
"SRX1478537","EP300","Kidney"
"SRX148292","DNase-Seq","Lung"
"SRX148293","DNase-Seq","Lung"
"SRX149703","SCML2","Kidney"
"SRX149707","SCML2","Kidney"
"SRX150103","BRF2","Lung"
"SRX150105","GTF2B","Lung"
"SRX150106","SNAPC2","Lung"
"SRX150107","SNAPC2","Lung"
"SRX150108","SNAPC1","Lung"
"SRX150109","SNAPC5","Lung"
"SRX150110","SNAPC4","Lung"
"SRX150357","TBP","Blood"
"SRX150358","JUN","Cardiovascular"
"SRX150363","MAZ","Blood"
"SRX150374","EP300","Blood"
"SRX150381","CHD1","Blood"
"SRX150389","NRF1","Blood"
"SRX150409","ZNF274","Blood"
"SRX150410","E2F4","Blood"
"SRX150411","SIN3A","Blood"
"SRX150412","RAD21","Blood"
"SRX150413","GATA1","Blood"
"SRX150425","ELK1","Blood"
"SRX150455","EBF1","Blood"
"SRX150456","SMC3","Blood"
"SRX150457","BRCA1","Blood"
"SRX150458","CHD2","Blood"
"SRX150483","MAFK","Lung"
"SRX150484","CTCF","Lung"
"SRX150489","FOS","Blood"
"SRX150494","KAT2A","Blood"
"SRX150496","SUPT20H","Blood"
"SRX150509","BHLHE40","Blood"
"SRX150510","MXI1","Blood"
"SRX150521","IKZF1","Blood"
"SRX150544","GATA1","Blood"
"SRX150561","YY1","Blood"
"SRX150562","ZZZ3","Blood"
"SRX150571","WRNIP1","Blood"
"SRX150585","NFYA","Blood"
"SRX150586","NFYB","Blood"
"SRX150597","MAX","Blood"
"SRX150598","CEBPB","Lung"
"SRX150620","JUND","Blood"
"SRX150635","RFX5","Blood"
"SRX150636","STAT3","Blood"
"SRX150637","USF2","Blood"
"SRX150651","MAX","Cardiovascular"
"SRX150656","ZNF263","Kidney"
"SRX150662","RCOR1","Blood"
"SRX150691","STAT1","Blood"
"SRX150692","ZNF143","Blood"
"SRX150703","RAD21","Lung"
"SRX150730","IRF3","Blood"
"SRX150731","NFE2","Blood"
"SRX150732","TBL1XR1","Blood"
"SRX151348","H3K4me3","Lung"
"SRX151349","H3K4me3","Lung"
"SRX151350","H3K4me3","Lung"
"SRX151351","H3K4me3","Lung"
"SRX151352","H3K4me3","Lung"
"SRX151353","H3K4me3","Lung"
"SRX151354","H3K4me3","Lung"
"SRX151355","H3K4me3","Lung"
"SRX151356","H3K4me3","Lung"
"SRX151357","H3K4me3","Lung"
"SRX151358","H3K4me3","Lung"
"SRX151359","H3K4me3","Lung"
"SRX151360","H3K4me3","Lung"
"SRX151361","H3K4me3","Lung"
"SRX151362","H3K4me3","Lung"
"SRX151363","H3K4me3","Lung"
"SRX151364","H3K4me3","Lung"
"SRX151365","H3K4me3","Lung"
"SRX151366","H3K4me3","Lung"
"SRX151367","H3K4me3","Lung"
"SRX151368","H3K4me3","Lung"
"SRX151369","H3K4me3","Lung"
"SRX151370","H3K4me3","Lung"
"SRX151371","H3K4me3","Lung"
"SRX151372","H3K4me3","Lung"
"SRX151373","H3K4me3","Lung"
"SRX151374","H3K4me3","Lung"
"SRX151375","H3K4me3","Lung"
"SRX151376","H3K4me3","Lung"
"SRX151377","H3K4me3","Lung"
"SRX151378","H3K4me3","Lung"
"SRX151379","H3K4me3","Lung"
"SRX151380","H3K4me3","Lung"
"SRX151381","H3K4me3","Lung"
"SRX151382","H3K4me3","Lung"
"SRX151383","H3K4me3","Lung"
"SRX151384","H3K4me3","Lung"
"SRX151385","H3K4me3","Lung"
"SRX151386","H3K4me3","Lung"
"SRX151387","H3K4me3","Lung"
"SRX151388","H3K4me3","Lung"
"SRX151389","H3K4me3","Lung"
"SRX151390","H3K4me3","Lung"
"SRX151391","H3K4me3","Lung"
"SRX151392","H3K4me3","Lung"
"SRX151393","H3K4me3","Lung"
"SRX151394","H3K4me3","Lung"
"SRX151395","H3K4me3","Lung"
"SRX151398","H3K4me3","Liver"
"SRX1514916","GFP","Kidney"
"SRX151939","IRF5","Blood"
"SRX151940","IRF5","Blood"
"SRX151947","STAT4","Blood"
"SRX151948","STAT4","Blood"
"SRX1530787","EBNA2","Blood"
"SRX154494","H3K4me3","Prostate"
"SRX154496","H3K27me3","Prostate"
"SRX154498","CTCF","Prostate"
"SRX1548204","E2F1","Cardiovascular"
"SRX1548205","E2F1","Cardiovascular"
"SRX1548210","H3K27ac","Cardiovascular"
"SRX1548211","H3K27ac","Cardiovascular"
"SRX1548216","H3K27me3","Cardiovascular"
"SRX1548217","H3K27me3","Cardiovascular"
"SRX1548234","H3K4me3","Cardiovascular"
"SRX1548235","H3K4me3","Cardiovascular"
"SRX155715","HSF1","Breast"
"SRX155719","HSF1","Breast"
"SRX155739","HSF1","Digestive tract"
"SRX155740","HSF1","Digestive tract"
"SRX155764","HSF1","Breast"
"SRX156110","DNMT1","Pluripotent stem cell"
"SRX156111","DNMT3A","Pluripotent stem cell"
"SRX156112","DNMT3B","Pluripotent stem cell"
"SRX156115","H3K27me3","Pluripotent stem cell"
"SRX156118","DNMT1","Pluripotent stem cell"
"SRX156119","DNMT3A","Pluripotent stem cell"
"SRX156120","DNMT3B","Pluripotent stem cell"
"SRX156123","H3K27me3","Pluripotent stem cell"
"SRX156141","DNase-Seq","Pluripotent stem cell"
"SRX156142","DNase-Seq","Pluripotent stem cell"
"SRX1568604","H3K27ac","Digestive tract"
"SRX157607","HIF1A","Cardiovascular"
"SRX157608","HIF1A","Cardiovascular"
"SRX1583419","H3K27ac","Prostate"
"SRX159130","ZNF143","Kidney"
"SRX159134","ZNF76","Kidney"
"SRX1595751","H2A.XS139ph","Lung"
"SRX1595752","H2A.XS139ph","Lung"
"SRX1596297","H3K27ac","Muscle"
"SRX1596299","H3K4me3","Muscle"
"SRX1596304","Epitope tags","Muscle"
"SRX1596305","H3K27ac","Muscle"
"SRX1596307","H3K4me3","Muscle"
"SRX1614802","ZNF366","Blood"
"SRX1614803","ZNF366","Blood"
"SRX1614812","H3K27ac","Blood"
"SRX1614813","H3K27ac","Blood"
"SRX1614815","H3K4me3","Blood"
"SRX1614816","H3K4me3","Blood"
"SRX1629831","OVOL2","Others"
"SRX1658064","H3K27ac","Lung"
"SRX1658065","H3K27ac","Lung"
"SRX1658066","H3K27ac","Lung"
"SRX1658067","BRD4","Lung"
"SRX1658068","BRD4","Lung"
"SRX1658069","BRD4","Lung"
"SRX1658073","H3K27ac","Lung"
"SRX1658074","H3K27ac","Lung"
"SRX1672123","NR3C1","Lung"
"SRX1672124","NR3C1","Lung"
"SRX1672127","NR3C1","Lung"
"SRX1672128","NR3C1","Lung"
"SRX1672129","RELA","Lung"
"SRX1672130","RELA","Lung"
"SRX1672133","RELA","Lung"
"SRX1672136","NR3C1","Lung"
"SRX1672137","NR3C1","Lung"
"SRX1672138","RELA","Lung"
"SRX1672139","RELA","Lung"
"SRX170356","SMARCA4","Blood"
"SRX170373","BRD2","Kidney"
"SRX170374","BRD3","Kidney"
"SRX170375","BRD4","Kidney"
"SRX170376","CBX5","Kidney"
"SRX170377","CBX1","Kidney"
"SRX1707573","H3K27me3","Pancreas"
"SRX1707574","H3K27me3","Pancreas"
"SRX1721484","ETV1","Digestive tract"
"SRX1721486","ETV1","Digestive tract"
"SRX1721488","ETV1","Epidermis"
"SRX1721490","ETV1","Epidermis"
"SRX1733633","H3K27ac","Blood"
"SRX1738531","CTCF","Blood"
"SRX1738532","STAG1","Blood"
"SRX1782978","ZMYND8","Kidney"
"SRX1782979","ZMYND8","Kidney"
"SRX1782982","H3K27ac","Kidney"
"SRX1801654","CTCF","Digestive tract"
"SRX1801655","CTCF","Digestive tract"
"SRX1802099","H3K4me3","Blood"
"SRX1802101","H3K4me3","Blood"
"SRX180823","E2F7","Lung"
"SRX180824","E2F7","Lung"
"SRX180825","E2F7","Lung"
"SRX180826","E2F7","Lung"
"SRX180827","E2F7","Lung"
"SRX1823772","H3K27ac","Bone"
"SRX1823773","H3K27ac","Bone"
"SRX1823779","H3K27me3","Bone"
"SRX1823780","H3K27me3","Bone"
"SRX1829864","INO80","Epidermis"
"SRX183898","H3K27ac","Blood"
"SRX183899","H3K27ac","Blood"
"SRX1842780","MYCN","Neural"
"SRX1842781","MYCN","Neural"
"SRX1845643","SMAD1","Epidermis"
"SRX1845644","SMAD1","Epidermis"
"SRX185708","PGR","Muscle"
"SRX185775","POU5F1","Epidermis"
"SRX185776","MYC","Epidermis"
"SRX186607","ZNF384","Blood"
"SRX186608","SREBF2","Blood"
"SRX186609","CUX1","Blood"
"SRX186610","ESRRA","Blood"
"SRX186617","RCOR1","Lung"
"SRX186618","MAZ","Lung"
"SRX186619","MXI1","Lung"
"SRX186620","RFX5","Lung"
"SRX186621","MAFK","Blood"
"SRX186622","SREBF1","Blood"
"SRX186628","CHD1","Lung"
"SRX186655","H3K27ac","Blood"
"SRX186662","H3K27me3","Bone"
"SRX186666","EZH2","Blood"
"SRX186670","CTCF","Blood"
"SRX186680","EZH2","Muscle"
"SRX186681","H3K9me3","Breast"
"SRX186682","H4K20me1","Epidermis"
"SRX186685","EZH2","Epidermis"
"SRX186694","EZH2","Blood"
"SRX186696","H2A.Z","Breast"
"SRX186697","EZH2","Breast"
"SRX186701","H2A.Z","Epidermis"
"SRX186702","H3K4me3","Bone"
"SRX186704","CTCF","Blood"
"SRX186710","EP300","Bone"
"SRX186714","EZH2","Cardiovascular"
"SRX186719","EZH2","Muscle"
"SRX186722","H3K4me1","Epidermis"
"SRX186725","EZH2","Lung"
"SRX186728","EZH2","Neural"
"SRX186746","EZH2","Epidermis"
"SRX186749","H3K9me3","Epidermis"
"SRX186750","H3K79me2","Epidermis"
"SRX186753","H3K79me2","Breast"
"SRX186760","H3K27me3","Blood"
"SRX188946","CTCF","Blood"
"SRX188947","CTCF","Blood"
"SRX188950","CTCF","Blood"
"SRX188958","CTCF","Pancreas"
"SRX188959","CTCF","Lung"
"SRX188960","CTCF","Others"
"SRX188962","CTCF","Blood"
"SRX188963","CTCF","Kidney"
"SRX188968","CTCF","Blood"
"SRX188970","CTCF","Neural"
"SRX189074","H3K27me3","Lung"
"SRX189075","H3K27me3","Lung"
"SRX189081","H3K4me3","Lung"
"SRX189082","H3K4me3","Lung"
"SRX189083","CTCF","Lung"
"SRX189084","CTCF","Lung"
"SRX1892845","DNase-Seq","Digestive tract"
"SRX189386","DNase-Seq","Blood"
"SRX189387","DNase-Seq","Blood"
"SRX189389","DNase-Seq","Cardiovascular"
"SRX189390","DNase-Seq","Muscle"
"SRX189393","DNase-Seq","Epidermis"
"SRX189394","DNase-Seq","Epidermis"
"SRX189396","DNase-Seq","Neural"
"SRX189401","DNase-Seq","Digestive tract"
"SRX189402","DNase-Seq","Blood"
"SRX189403","DNase-Seq","Kidney"
"SRX189407","DNase-Seq","Neural"
"SRX189408","DNase-Seq","Neural"
"SRX189409","DNase-Seq","Blood"
"SRX189413","DNase-Seq","Neural"
"SRX189414","DNase-Seq","Others"
"SRX189417","DNase-Seq","Blood"
"SRX189419","DNase-Seq","Blood"
"SRX189420","DNase-Seq","Blood"
"SRX189421","DNase-Seq","Blood"
"SRX189424","DNase-Seq","Prostate"
"SRX189432","DNase-Seq","Others"
"SRX189433","DNase-Seq","Others"
"SRX189740","ETS1","Cardiovascular"
"SRX189741","ETS1","Cardiovascular"
"SRX189939","H3K27ac","Lung"
"SRX189940","H3K27me3","Lung"
"SRX189942","H3K4me3","Breast"
"SRX189943","H3K27me3","Kidney"
"SRX189946","H3K4me3","Cardiovascular"
"SRX189949","H3K4me3","Others"
"SRX189951","H3K4me3","Epidermis"
"SRX189953","H3K4me3","Cardiovascular"
"SRX189955","H3K4me3","Epidermis"
"SRX189960","H3K4me3","Lung"
"SRX189961","H3K4me3","Epidermis"
"SRX189962","H3K4me3","Blood"
"SRX189970","H3K4me3","Epidermis"
"SRX189982","H3K4me3","Lung"
"SRX189983","H3K27me3","Lung"
"SRX189987","H3K27me3","Epidermis"
"SRX189988","H3K27me3","Blood"
"SRX189990","H3K36me3","Epidermis"
"SRX189997","H3K4me3","Muscle"
"SRX189999","H3K4me3","Kidney"
"SRX190001","H3K4me3","Epidermis"
"SRX190003","H3K4me3","Blood"
"SRX190004","H3K4me3","Blood"
"SRX190022","H3K4me3","Epidermis"
"SRX190025","H3K4me3","Neural"
"SRX190032","H3K4me3","Neural"
"SRX190034","H3K4me3","Epidermis"
"SRX190046","H3K4me3","Others"
"SRX190054","H3K4me3","Neural"
"SRX190056","H3K4me3","Placenta"
"SRX190059","H3K4me3","Kidney"
"SRX190060","H3K27me3","Breast"
"SRX190067","H3K4me3","Lung"
"SRX190069","H3K4me3","Digestive tract"
"SRX190073","H3K4me3","Breast"
"SRX190075","H3K4me3","Cardiovascular"
"SRX190078","H3K4me3","Blood"
"SRX190079","H3K4me3","Blood"
"SRX190084","H3K27me3","Blood"
"SRX190089","H3K4me3","Neural"
"SRX190091","H3K4me3","Cardiovascular"
"SRX190093","H3K4me3","Cardiovascular"
"SRX190095","H3K4me3","Cardiovascular"
"SRX190177","STAT5A","Blood"
"SRX190185","MTA3","Blood"
"SRX190186","EGR1","Blood"
"SRX190187","FOXM1","Blood"
"SRX190200","REST","Blood"
"SRX190201","TCF3","Blood"
"SRX190216","CREB1","Blood"
"SRX190226","TAF1","Neural"
"SRX190227","PML","Blood"
"SRX190235","NFATC1","Blood"
"SRX190236","ATF2","Blood"
"SRX190237","SIN3A","Neural"
"SRX190242","REST","Neural"
"SRX190306","CEBPB","Blood"
"SRX190337","NFIC","Blood"
"SRX190349","RUNX3","Blood"
"SRX190406","TFAP2C","Epidermis"
"SRX1916924","H3K27ac","Epidermis"
"SRX1916925","H3K27ac","Epidermis"
"SRX193584","DNase-Seq","Epidermis"
"SRX193593","DNase-Seq","Blood"
"SRX193596","DNase-Seq","Muscle"
"SRX193607","DNase-Seq","Epidermis"
"SRX193611","DNase-Seq","Muscle"
"SRX193613","DNase-Seq","Blood"
"SRX194192","TET3","Kidney"
"SRX1961296","VRK1","Bone"
"SRX1967776","CTCF","Epidermis"
"SRX1967777","CTCF","Epidermis"
"SRX1993434","ZSCAN5B","Kidney"
"SRX1993435","ZSCAN5B","Kidney"
"SRX199856","CTCF","Placenta"
"SRX199858","CTCF","Placenta"
"SRX199859","CTCF","Breast"
"SRX199863","CTCF","Lung"
"SRX199872","CTCF","Epidermis"
"SRX199885","CTCF","Cardiovascular"
"SRX199889","CTCF","Neural"
"SRX199890","CTCF","Neural"
"SRX199893","CTCF","Neural"
"SRX199894","CTCF","Kidney"
"SRX199895","CTCF","Kidney"
"SRX199896","CTCF","Neural"
"SRX199897","CTCF","Epidermis"
"SRX199899","CTCF","Epidermis"
"SRX199903","CTCF","Epidermis"
"SRX199904","CTCF","Epidermis"
"SRX199905","CTCF","Cardiovascular"
"SRX2000339","TET2","Breast"
"SRX2000340","RARB","Breast"
"SRX2000341","5-hmC","Breast"
"SRX2000342","TET3","Breast"
"SRX2000343","RARB","Breast"
"SRX2000344","5-hmC","Breast"
"SRX2004190","H3K27ac","Blood"
"SRX2010836","EHF","Lung"
"SRX2010837","EHF","Lung"
"SRX2010839","H3K4me3","Lung"
"SRX2010840","H3K27ac","Lung"
"SRX201251","DNase-Seq","Blood"
"SRX201252","DNase-Seq","Prostate"
"SRX201253","DNase-Seq","Prostate"
"SRX201256","DNase-Seq","Blood"
"SRX201266","DNase-Seq","Lung"
"SRX201273","DNase-Seq","Cardiovascular"
"SRX201278","DNase-Seq","Cardiovascular"
"SRX201279","DNase-Seq","Cardiovascular"
"SRX201285","DNase-Seq","Epidermis"
"SRX201286","DNase-Seq","Epidermis"
"SRX201287","DNase-Seq","Epidermis"
"SRX201289","DNase-Seq","Epidermis"
"SRX201290","DNase-Seq","Epidermis"
"SRX201291","DNase-Seq","Lung"
"SRX201292","DNase-Seq","Blood"
"SRX201295","DNase-Seq","Blood"
"SRX201300","DNase-Seq","Blood"
"SRX2014554","SMC1A","Epidermis"
"SRX201793","DNase-Seq","Gonad"
"SRX201806","DNase-Seq","Gonad"
"SRX201808","DNase-Seq","Muscle"
"SRX201809","DNase-Seq","Cardiovascular"
"SRX201813","DNase-Seq","Pancreas"
"SRX201821","DNase-Seq","Gonad"
"SRX201822","DNase-Seq","Pancreas"
"SRX203387","BRD4","Blood"
"SRX203388","BRD4","Blood"
"SRX203389","MYC","Blood"
"SRX203390","CDK9","Blood"
"SRX203391","CDK9","Blood"
"SRX203392","H3K27ac","Blood"
"SRX203393","H3K4me3","Blood"
"SRX203394","MAX","Blood"
"SRX203395","MED1","Blood"
"SRX2039696","H3K4me3","Neural"
"SRX2039697","H3K4me3","Neural"
"SRX2039704","H3K27me3","Neural"
"SRX2039705","H3K27me3","Neural"
"SRX204107","GRHL3","Epidermis"
"SRX204109","WDR5","Epidermis"
"SRX204162","SUMO1","Lung"
"SRX204163","SUMO1","Lung"
"SRX204164","SUMO2","Lung"
"SRX204165","UBE2I","Lung"
"SRX204173","SUMO2","Lung"
"SRX204174","UBE2I","Lung"
"SRX204179","PIAS4","Lung"
"SRX204180","PIAS4","Lung"
"SRX204662","RBBP5","Kidney"
"SRX205164","TAL1","Blood"
"SRX205165","TAL1","Blood"
"SRX2055063","H3K4me3","Kidney"
"SRX2055065","H3K27ac","Kidney"
"SRX208484","TP53","Lung"
"SRX2105477","DNase-Seq","Blood"
"SRX210718","MYC","Kidney"
"SRX210719","MYC","Kidney"
"SRX212318","CTCF","Blood"
"SRX212647","STAT1","Blood"
"SRX212648","STAT1","Blood"
"SRX212661","IRF1","Blood"
"SRX212662","IRF1","Blood"
"SRX2143792","MYC","Bone"
"SRX2143793","MEN1","Bone"
"SRX2143796","H3K4me3","Bone"
"SRX2158964","H3K4me3","Uterus"
"SRX2158965","H3K27me3","Uterus"
"SRX2158966","H3K27ac","Uterus"
"SRX2158973","H3K4me3","Uterus"
"SRX2158974","H3K27me3","Uterus"
"SRX2158975","H3K27ac","Uterus"
"SRX2164057","H3K4me3","Blood"
"SRX2164058","H3K4me3","Blood"
"SRX2166885","BRD4","Neural"
"SRX2166886","BRD4","Neural"
"SRX2166889","BRD4","Neural"
"SRX2166890","CTCF","Neural"
"SRX2166891","CTCF","Neural"
"SRX2166894","CTCF","Neural"
"SRX2166895","CTCF","Neural"
"SRX2166896","H3K27ac","Neural"
"SRX2166897","H3K27ac","Neural"
"SRX2166900","H3K27ac","Neural"
"SRX2166901","H3K27me3","Neural"
"SRX2166902","H3K27me3","Neural"
"SRX2166905","H3K27me3","Neural"
"SRX2166925","H3K4me3","Neural"
"SRX2166926","H3K4me3","Neural"
"SRX2166929","H3K4me3","Neural"
"SRX217069","H3K4me3","Others"
"SRX217070","H3K27ac","Others"
"SRX218418","GATA1","Blood"
"SRX218419","KLF1","Blood"
"SRX218420","NFE2","Blood"
"SRX218421","EP300","Blood"
"SRX218423","H3K4me3","Blood"
"SRX2188684","BRCA1","Lung"
"SRX2188685","BRCA1","Lung"
"SRX220061","PGR","Cardiovascular"
"SRX220062","PGR","Cardiovascular"
"SRX2250317","TP63","Others"
"SRX2253219","CD74","Blood"
"SRX2253220","CD74","Blood"
"SRX2253241","H3K27ac","Blood"
"SRX2253243","H3K27ac","Blood"
"SRX2267438","BRD4","Epidermis"
"SRX2267439","BRD4","Epidermis"
"SRX2267490","H3K27ac","Epidermis"
"SRX2267496","H3K27ac","Epidermis"
"SRX2339191","CREBBP","Blood"
"SRX2339193","CREBBP","Blood"
"SRX2346892","EPAS1","Cardiovascular"
"SRX2346893","ARNT","Cardiovascular"
"SRX2355057","CEBPD","Cardiovascular"
"SRX2355058","ERG","Cardiovascular"
"SRX2355059","ERG","Cardiovascular"
"SRX2355060","H3K27ac","Cardiovascular"
"SRX2355061","H3K27ac","Cardiovascular"
"SRX2355070","IRF1","Cardiovascular"
"SRX2355071","IRF1","Cardiovascular"
"SRX2355072","JUN","Cardiovascular"
"SRX2355073","JUN","Cardiovascular"
"SRX2355074","JUNB","Cardiovascular"
"SRX2355075","NFE2L2","Cardiovascular"
"SRX2355076","NFE2L2","Cardiovascular"
"SRX2355077","RELA","Cardiovascular"
"SRX2355078","RELA","Cardiovascular"
"SRX235608","SMC3","Kidney"
"SRX2368878","FOXA2","Epidermis"
"SRX2368879","FOXA2","Epidermis"
"SRX2368880","H3K27ac","Epidermis"
"SRX2368881","H3K27ac","Epidermis"
"SRX2368882","H3K4me2","Epidermis"
"SRX2368883","H3K4me2","Epidermis"
"SRX2368884","GATA4","Epidermis"
"SRX2368885","GATA4","Epidermis"
"SRX2368898","FOXA2","Epidermis"
"SRX2368899","FOXA2","Epidermis"
"SRX2368900","FOXA2","Epidermis"
"SRX2368901","FOXA2","Epidermis"
"SRX2370571","DNase-Seq","Muscle"
"SRX2370572","DNase-Seq","Muscle"
"SRX2370578","DNase-Seq","Kidney"
"SRX2370592","DNase-Seq","Blood"
"SRX2370593","DNase-Seq","Blood"
"SRX2370595","DNase-Seq","Placenta"
"SRX2370605","DNase-Seq","Others"
"SRX2370606","DNase-Seq","Others"
"SRX2370611","DNase-Seq","Neural"
"SRX2370612","DNase-Seq","Liver"
"SRX2370615","DNase-Seq","Digestive tract"
"SRX2370620","DNase-Seq","Uterus"
"SRX2370624","DNase-Seq","Lung"
"SRX2370625","DNase-Seq","Lung"
"SRX2370635","DNase-Seq","Bone"
"SRX2370636","DNase-Seq","Bone"
"SRX2370639","DNase-Seq","Neural"
"SRX2370640","DNase-Seq","Neural"
"SRX2370643","DNase-Seq","Liver"
"SRX2370645","DNase-Seq","Blood"
"SRX2370646","DNase-Seq","Blood"
"SRX2370668","DNase-Seq","Adipocyte"
"SRX2370669","DNase-Seq","Adipocyte"
"SRX2370685","DNase-Seq","Neural"
"SRX2370686","DNase-Seq","Placenta"
"SRX2370698","DNase-Seq","Others"
"SRX2370706","DNase-Seq","Placenta"
"SRX2370708","DNase-Seq","Digestive tract"
"SRX2370756","DNase-Seq","Others"
"SRX2370761","DNase-Seq","Neural"
"SRX2370762","DNase-Seq","Neural"
"SRX2370763","DNase-Seq","Adipocyte"
"SRX2370766","DNase-Seq","Others"
"SRX2370779","DNase-Seq","Neural"
"SRX2370783","DNase-Seq","Neural"
"SRX2370791","DNase-Seq","Neural"
"SRX2370798","DNase-Seq","Digestive tract"
"SRX2409189","H3K27ac","Others"
"SRX2409190","H3K27ac","Others"
"SRX2426299","H3K27ac","Neural"
"SRX2426300","H3K27ac","Neural"
"SRX2431535","POU5F1","Epidermis"
"SRX2431536","FOXA2","Epidermis"
"SRX2431537","FOXA2","Epidermis"
"SRX2431538","GATA4","Epidermis"
"SRX2431539","GATA4","Epidermis"
"SRX2431540","FOXA2","Epidermis"
"SRX2431541","FOXA2","Epidermis"
"SRX2431542","FOXA2","Epidermis"
"SRX2431543","FOXA2","Epidermis"
"SRX2452425","BRD4","Cardiovascular"
"SRX2452426","BRD4","Cardiovascular"
"SRX2458133","NIPBL","Blood"
"SRX2458134","NIPBL","Blood"
"SRX2458135","SMC1A","Blood"
"SRX2458136","SMC1A","Blood"
"SRX2458137","MED1","Blood"
"SRX2458138","MED1","Blood"
"SRX246953","ERCC3","Bone"
"SRX246954","ERCC2","Bone"
"SRX2469628","DNase-Seq","Muscle"
"SRX2469629","DNase-Seq","Muscle"
"SRX2481499","GATA1","Blood"
"SRX2481500","TAL1","Blood"
"SRX2481501","H3K27ac","Blood"
"SRX253212","ZFX","Neural"
"SRX2537097","FLI1","Bone"
"SRX2537098","FLI1","Bone"
"SRX2537507","H3K27ac","Epidermis"
"SRX2537509","H3K27ac","Epidermis"
"SRX2542929","H3K27me3","Blood"
"SRX2542931","H3K27me3","Blood"
"SRX2547030","H3K4me3","Lung"
"SRX2547032","H3K27me3","Lung"
"SRX2582161","GRHL3","Epidermis"
"SRX2631834","H3K27ac","Digestive tract"
"SRX263240","H3K27ac","Neural"
"SRX263244","H3K27ac","Neural"
"SRX263248","H3K27ac","Neural"
"SRX263260","H3K27ac","Neural"
"SRX263261","H3K27ac","Neural"
"SRX263263","H3K27ac","Neural"
"SRX263265","H3K27ac","Neural"
"SRX263266","H3K27ac","Neural"
"SRX263267","H3K27ac","Neural"
"SRX263272","H3K27ac","Neural"
"SRX263275","H3K27ac","Neural"
"SRX263282","H3K27ac","Neural"
"SRX263292","H3K27ac","Neural"
"SRX263293","H3K27ac","Neural"
"SRX263295","H3K27ac","Neural"
"SRX263296","H3K27ac","Neural"
"SRX263297","H3K27ac","Neural"
"SRX263298","H3K27ac","Neural"
"SRX263299","H3K27ac","Neural"
"SRX263309","H3K27ac","Neural"
"SRX263385","H3K27ac","Neural"
"SRX2661479","STAT3","Blood"
"SRX2661481","STAT3","Blood"
"SRX2671795","H3K27ac","Cardiovascular"
"SRX2671796","H3K27me3","Cardiovascular"
"SRX2671798","H3K4me3","Cardiovascular"
"SRX2671799","EP300","Cardiovascular"
"SRX2671836","EP300","Cardiovascular"
"SRX2671837","H3K27ac","Cardiovascular"
"SRX2671838","H3K27me3","Cardiovascular"
"SRX2671840","H3K4me3","Cardiovascular"
"SRX268881","TRF2","Lung"
"SRX268882","NR2F2","Lung"
"SRX268883","NR2C2","Lung"
"SRX268884","HMBOX1","Lung"
"SRX2708746","Biotin","Pluripotent stem cell"
"SRX2708747","Biotin","Pluripotent stem cell"
"SRX2708748","Biotin","Pluripotent stem cell"
"SRX2708749","Biotin","Pluripotent stem cell"
"SRX2708750","Biotin","Pluripotent stem cell"
"SRX2708751","Biotin","Pluripotent stem cell"
"SRX2708752","Biotin","Pluripotent stem cell"
"SRX2708753","Biotin","Pluripotent stem cell"
"SRX2708754","Biotin","Pluripotent stem cell"
"SRX2708755","Biotin","Pluripotent stem cell"
"SRX2708756","Biotin","Pluripotent stem cell"
"SRX2708757","Biotin","Pluripotent stem cell"
"SRX2749148","H3K27ac","Kidney"
"SRX2749149","H3K27ac","Kidney"
"SRX2749150","ARNT","Kidney"
"SRX2749155","ARNT","Kidney"
"SRX2755182","EBV-ZEBRA","Blood"
"SRX2755183","EBNA1","Blood"
"SRX2778364","H3K27ac","Blood"
"SRX2778365","H3K27ac","Blood"
"SRX2837383","RELB","Blood"
"SRX2837384","RELB","Blood"
"SRX2837385","REL","Blood"
"SRX2837386","REL","Blood"
"SRX2837387","NFKB1","Blood"
"SRX2837388","NFKB1","Blood"
"SRX2837389","NFKB2","Blood"
"SRX2837390","NFKB2","Blood"
"SRX2858197","H3K27me3","Lung"
"SRX2935864","DNase-Seq","Breast"
"SRX2935865","DNase-Seq","Breast"
"SRX2935880","H3K27ac","Breast"
"SRX2935881","H3K27ac","Breast"
"SRX2935887","H3K27me3","Breast"
"SRX2935888","H3K27me3","Breast"
"SRX2935902","H3K4me3","Breast"
"SRX2935903","H3K4me3","Breast"
"SRX2941475","PBXIP1","Bone"
"SRX2941476","PBXIP1","Bone"
"SRX295034","MECP2","Lung"
"SRX295035","MECP2","Lung"
"SRX2954066","H3K4me3","Epidermis"
"SRX2954067","H3K4me3","Epidermis"
"SRX2963102","RUNX1","Blood"
"SRX2963103","TET2","Blood"
"SRX2966968","POU5F1","Gonad"
"SRX2966969","POU5F1","Gonad"
"SRX2966972","PAX5","Gonad"
"SRX2966973","PRDM1","Gonad"
"SRX3040147","STAG1","Breast"
"SRX3040148","STAG2","Breast"
"SRX3040149","SMC1A","Breast"
"SRX3040151","STAG1","Breast"
"SRX3040152","STAG2","Breast"
"SRX3040153","SMC1A","Breast"
"SRX3040154","ZMYM2","Breast"
"SRX306543","H3K4me3","Blood"
"SRX306544","H3K4me3","Blood"
"SRX306547","H3K4me3","Blood"
"SRX306549","H3K4me3","Blood"
"SRX306551","H3K4me3","Blood"
"SRX306552","H3K4me3","Blood"
"SRX306553","H3K27ac","Blood"
"SRX306554","H3K27ac","Blood"
"SRX306557","H3K27ac","Blood"
"SRX306559","H3K27ac","Blood"
"SRX306561","H3K27ac","Blood"
"SRX306562","H3K27ac","Blood"
"SRX306563","H3K27me3","Blood"
"SRX306564","H3K27me3","Blood"
"SRX306567","H3K27me3","Blood"
"SRX306569","H3K27me3","Blood"
"SRX306571","H3K27me3","Blood"
"SRX306572","H3K27me3","Blood"
"SRX3089967","NCOA4","Blood"
"SRX3089968","NCOA4","Blood"
"SRX3100755","RBPJ","Epidermis"
"SRX3102568","TP53","Digestive tract"
"SRX3102569","TP53","Digestive tract"
"SRX3102570","RELA","Digestive tract"
"SRX3102571","RELA","Digestive tract"
"SRX3130879","H3K27ac","Placenta"
"SRX3205774","H3K27ac","Blood"
"SRX3205776","H3K27ac","Blood"
"SRX3205777","H3K27ac","Blood"
"SRX3205778","H3K27ac","Blood"
"SRX3205779","H3K27ac","Blood"
"SRX323567","ASCL1","Epidermis"
"SRX326378","NUP98","Lung"
"SRX326379","NUP98","Lung"
"SRX327761","BRD4","Blood"
"SRX329081","BCL10","Lung"
"SRX329082","BCL10","Lung"
"SRX3330448","Epitope tags","Epidermis"
"SRX3330449","Epitope tags","Epidermis"
"SRX3372012","FOXF1","Digestive tract"
"SRX3372016","FOXF1","Digestive tract"
"SRX3372020","ETV1","Digestive tract"
"SRX3372021","FOXF1","Digestive tract"
"SRX3372023","H3K4me3","Digestive tract"
"SRX3372028","H3K4me3","Digestive tract"
"SRX341010","MYOD1","Muscle"
"SRX3411541","H3K27ac","Cardiovascular"
"SRX3411542","H3K27ac","Cardiovascular"
"SRX3436561","SSRP1","Bone"
"SRX3436562","SSRP1","Bone"
"SRX3445722","ZNF341","Blood"
"SRX3445723","ZNF341","Blood"
"SRX346921","MITF","Epidermis"
"SRX346922","MITF","Epidermis"
"SRX346923","MITF","Digestive tract"
"SRX346924","MITF","Digestive tract"
"SRX3526593","ZFX","Prostate"
"SRX356440","H3K27ac","Blood"
"SRX356441","H3K27ac","Blood"
"SRX356442","H3K27me3","Blood"
"SRX356443","H3K27me3","Blood"
"SRX356448","H3K4me3","Blood"
"SRX356449","H3K4me3","Blood"
"SRX356479","STAG1","Blood"
"SRX356480","STAG1","Blood"
"SRX356503","H3K27ac","Blood"
"SRX356504","H3K27ac","Blood"
"SRX356506","H3K27me3","Blood"
"SRX356507","H3K27me3","Blood"
"SRX356515","H3K4me3","Blood"
"SRX356516","H3K4me3","Blood"
"SRX356525","H3K27ac","Blood"
"SRX356526","H3K27ac","Blood"
"SRX356528","H3K27me3","Blood"
"SRX356529","H3K27me3","Blood"
"SRX356537","H3K4me3","Blood"
"SRX356538","H3K4me3","Blood"
"SRX356561","CTCF","Blood"
"SRX356562","CTCF","Blood"
"SRX356563","H3K27ac","Blood"
"SRX356564","H3K27ac","Blood"
"SRX356565","H3K27me3","Blood"
"SRX356566","H3K27me3","Blood"
"SRX356571","H3K4me3","Blood"
"SRX356572","H3K4me3","Blood"
"SRX356576","STAG1","Blood"
"SRX356577","STAG1","Blood"
"SRX356597","H3K27ac","Blood"
"SRX356598","H3K27ac","Blood"
"SRX356599","H3K27me3","Blood"
"SRX356600","H3K27me3","Blood"
"SRX356605","H3K4me3","Blood"
"SRX356606","H3K4me3","Blood"
"SRX356614","H3K27ac","Blood"
"SRX356615","H3K27ac","Blood"
"SRX356616","H3K27me3","Blood"
"SRX356617","H3K27me3","Blood"
"SRX356622","H3K4me3","Blood"
"SRX356623","H3K4me3","Blood"
"SRX356631","H3K27ac","Blood"
"SRX356633","H3K27me3","Blood"
"SRX356639","H3K4me3","Blood"
"SRX356646","CTCF","Blood"
"SRX356648","H3K27ac","Blood"
"SRX356651","H3K27me3","Blood"
"SRX356659","H3K4me3","Blood"
"SRX356665","STAG1","Blood"
"SRX356666","STAG1","Blood"
"SRX356667","CTCF","Blood"
"SRX356669","H3K27ac","Blood"
"SRX356672","H3K27me3","Blood"
"SRX356681","H3K4me3","Blood"
"SRX356687","STAG1","Blood"
"SRX356688","STAG1","Blood"
"SRX356689","CTCF","Blood"
"SRX356691","H3K27ac","Blood"
"SRX356692","H3K27ac","Blood"
"SRX356694","H3K27me3","Blood"
"SRX356695","H3K27me3","Blood"
"SRX356703","H3K4me3","Blood"
"SRX356704","H3K4me3","Blood"
"SRX356710","STAG1","Blood"
"SRX356711","STAG1","Blood"
"SRX3644342","FOXA2","Epidermis"
"SRX3644343","H3K27me3","Epidermis"
"SRX3644344","H3K27me3","Epidermis"
"SRX3644347","FOXA2","Epidermis"
"SRX3644348","FOXA2","Epidermis"
"SRX3644349","FOXA2","Epidermis"
"SRX3644350","FOXA2","Epidermis"
"SRX3644351","FOXA2","Epidermis"
"SRX3644352","H3K4me1","Epidermis"
"SRX3644353","H3K4me1","Epidermis"
"SRX3644354","FOXA2","Epidermis"
"SRX3644355","FOXA2","Epidermis"
"SRX3644356","FOXA2","Epidermis"
"SRX3644357","Epitope tags","Epidermis"
"SRX3644358","FOXA2","Epidermis"
"SRX3644359","H3K4me2","Epidermis"
"SRX3644360","H3K4me2","Epidermis"
"SRX3644361","H3K27ac","Epidermis"
"SRX3644362","H3K27ac","Epidermis"
"SRX3644363","H3K27me3","Epidermis"
"SRX3644364","H3K27me3","Epidermis"
"SRX381321","H3K4me1","Pluripotent stem cell"
"SRX381322","H3K4me3","Pluripotent stem cell"
"SRX381323","H3K27me3","Pluripotent stem cell"
"SRX381324","H3K27ac","Pluripotent stem cell"
"SRX381325","H3K9me3","Pluripotent stem cell"
"SRX381502","Epitope tags","Blood"
"SRX381503","Epitope tags","Blood"
"SRX381543","LDB1","Blood"
"SRX381545","CTCF","Blood"
"SRX382353","RNF2","Epidermis"
"SRX382354","RNF2","Epidermis"
"SRX386478","MAF","Epidermis"
"SRX386479","MAFB","Epidermis"
"SRX3942989","ZNF341","Blood"
"SRX3942990","ZNF341","Blood"
"SRX3942992","ZNF341","Blood"
"SRX398302","CDK8","Digestive tract"
"SRX4059543","ERG","Prostate"
"SRX4059544","EHF","Prostate"
"SRX4080273","SMARCA4","Prostate"
"SRX4080274","SMARCA4","Prostate"
"SRX4080275","SMARCA2","Prostate"
"SRX4080276","SMARCA2","Prostate"
"SRX4080277","H3K27ac","Prostate"
"SRX4080278","H3K27ac","Prostate"
"SRX4080279","H3K27ac","Prostate"
"SRX4080280","H3K27ac","Prostate"
"SRX4080281","H3K4me1","Prostate"
"SRX4080282","H3K4me1","Prostate"
"SRX4080283","H3K4me1","Prostate"
"SRX4080284","H3K4me1","Prostate"
"SRX4080285","H3K4me3","Prostate"
"SRX4080287","H3K4me3","Prostate"
"SRX4080293","SMARCB1","Prostate"
"SRX4080294","SMARCB1","Prostate"
"SRX4235878","KMT2D","Digestive tract"
"SRX423971","CTNNB1","Digestive tract"
"SRX467199","NR2C2","Blood"
"SRX467200","NR2C2","Blood"
"SRX475743","GABPA","Blood"
"SRX475755","SPI1","Blood"
"SRX475756","ZBTB33","Blood"
"SRX476913","SNAI2","Epidermis"
"SRX476914","SNAI2","Epidermis"
"SRX481465","H3K4me3","Prostate"
"SRX481466","ARRB1","Prostate"
"SRX497247","H3K4me3","Lung"
"SRX497248","H3K4me3","Lung"
"SRX497251","H3K27me3","Lung"
"SRX497252","H3K27me3","Lung"
"SRX497255","CTCF","Lung"
"SRX497256","CTCF","Lung"
"SRX502054","AR","Prostate"
"SRX502056","AR","Prostate"
"SRX502808","HIRA","Lung"
"SRX502810","HIRA","Lung"
"SRX514840","TP53","Epidermis"
"SRX530184","NR1H4","Liver"
"SRX530186","NR1H4","Liver"
"SRX534844","CHD8","Neural"
"SRX534845","CHD8","Neural"
"SRX535453","CDK9","Epidermis"
"SRX535454","CDK9","Epidermis"
"SRX535455","HEXIM1","Epidermis"
"SRX535456","HEXIM1","Epidermis"
"SRX539644","H3K27ac","Breast"
"SRX539645","H3K27me3","Breast"
"SRX539646","H3K4me1","Breast"
"SRX539647","H3K4me3","Breast"
"SRX539656","H3K27ac","Prostate"
"SRX539657","H3K27me3","Prostate"
"SRX539659","H3K4me3","Prostate"
"SRX541384","EZH2","Blood"
"SRX541385","EZH2","Blood"
"SRX543180","ZNF750","Epidermis"
"SRX543181","KLF4","Epidermis"
"SRX543182","RCOR1","Epidermis"
"SRX543183","KDM1A","Epidermis"
"SRX553423","H3K27me3","Blood"
"SRX553427","H3K27me3","Blood"
"SRX555489","Epitope tags","Pluripotent stem cell"
"SRX581576","DNase-Seq","Blood"
"SRX581577","DNase-Seq","Blood"
"SRX581586","DNase-Seq","Blood"
"SRX581587","DNase-Seq","Blood"
"SRX596338","CTNNB1","Pluripotent stem cell"
"SRX596340","CTNNB1","Pluripotent stem cell"
"SRX627217","H3K27ac","Blood"
"SRX627428","SPI1","Blood"
"SRX627430","SPI1","Blood"
"SRX641915","H3K27ac","Epidermis"
"SRX646123","H3K27me3","Blood"
"SRX646125","EED","Blood"
"SRX646126","SUZ12","Blood"
"SRX646135","NFE2","Blood"
"SRX646136","TAL1","Blood"
"SRX663438","DMC1","Gonad"
"SRX663441","DMC1","Gonad"
"SRX663448","H3K4me3","Gonad"
"SRX668214","H3K27ac","Neural"
"SRX668217","E2F4","Neural"
"SRX668219","ZNF92","Neural"
"SRX668234","MED1","Muscle"
"SRX679419","PROX1","Digestive tract"
"SRX685328","H3K27ac","Blood"
"SRX685339","H3K27me3","Blood"
"SRX687834","TP63","Epidermis"
"SRX687835","TP63","Epidermis"
"SRX707366","H3K4me3","Neural"
"SRX707368","EZH2","Neural"
"SRX707369","H3K27me3","Neural"
"SRX718420","Epitope tags","Epidermis"
"SRX718421","SOX10","Epidermis"
"SRX718422","SMARCA4","Epidermis"
"SRX718423","SMARCA4","Epidermis"
"SRX718424","GFP","Epidermis"
"SRX734307","FOXM1","Breast"
"SRX734308","MYBL2","Breast"
"SRX734309","E2F1","Breast"
"SRX735284","H3K4me3","Blood"
"SRX735286","H3K4me3","Blood"
"SRX735287","H3K27ac","Blood"
"SRX735288","H3K27ac","Blood"
"SRX735294","H3K27ac","Blood"
"SRX735295","H3K27ac","Blood"
"SRX749133","BRD4","Blood"
"SRX750658","H3K4me3","Breast"
"SRX750663","H3K27me3","Breast"
"SRX753312","JUNB","Epidermis"
"SRX754586","DNase-Seq","Prostate"
"SRX758323","MBD2","Breast"
"SRX764601","H3K4me3","Blood"
"SRX767116","HSF1","Epidermis"
"SRX807620","Epitope tags","Epidermis"
"SRX807623","H3K4me3","Epidermis"
"SRX814231","OTX2","Neural"
"SRX814234","LHX2","Neural"
"SRX860889","H3K27ac","Adipocyte"
"SRX860890","H3K27ac","Adipocyte"
"SRX860893","H3K27me3","Adipocyte"
"SRX860894","H3K27me3","Adipocyte"
"SRX871279","H3K4me3","Pancreas"
"SRX871282","H3K4me3","Pancreas"
"SRX871290","H3K27ac","Pancreas"
"SRX871291","H3K27ac","Pancreas"
"SRX873813","DNMT3A","Epidermis"
"SRX873814","DNMT3B","Epidermis"
"SRX903254","H3K27me3","Blood"
"SRX903255","H3K27me3","Blood"
"SRX956545","H3K27ac","Blood"
"SRX956548","H3K27ac","Blood"
"SRX971591","H3K27me3","Epidermis"
"SRX971592","H3K27me3","Epidermis"
"SRX974427","H3K4me3","Lung"
"SRX974429","H3K4me3","Liver"
"SRX974431","H3K4me3","Liver"
"SRX974433","H3K4me3","Lung"
"SRX995500","CTCF","Blood"
"SRX995501","STAG1","Blood"
"SRX995502","H3K27me3","Blood"
"SRX998277","H3K27ac","Neural"
"SRX998279","H3K27ac","Neural"
"SRX998280","H3K27ac","Neural"
"SRX998282","H3K27ac","Neural"
"SRX998286","H3K27ac","Neural"
"SRX998287","H3K27ac","Neural"
"SRX998289","H3K27ac","Neural"
"SRX998291","H3K27ac","Neural"
